epoch,loss,err
1,0.25160840928554534,1.0
2,0.22595799028873442,1.0
3,0.21487191604243386,1.0
4,0.2079038639863332,1.0
5,0.20274458322260114,1.0
6,0.19850533174143897,1.0
